Title,Created,Autor,Score,id,Name,Comments,votes
The desert & night sky was beautiful last night...today not so much ðŸ˜¬,2020-02-26,fingerzdxb,323,f9toz1,t3_f9toz1,30,0.97
An incident I faced with my roommates last night.,2020-02-26,urban-bedouin,42,f9rloy,t3_f9rloy,59,0.76
Israeli Cycle Team Races Through U.A.E. Streets as Ties Warm,2020-02-26,ConfidentNobody6,13,f9qliz,t3_f9qliz,35,0.7
RIP English. Fair warning...take breaks while reading to avoid a headache,2020-02-26,taureanrules,9,f9q5kz,t3_f9q5kz,24,0.69
"RIP NMC, advisers identified potential discrepancies in its bank statements and CFO ""has been granted extended sick leave""",2020-02-27,ConfidentNobody6,6,fa64ii,t3_fa64ii,2,0.88
What are the cars honking in Jumeirah Beach celebrating?,2020-02-27,loveHental,6,f9xpfh,t3_f9xpfh,5,0.8
"Ah yes, classic peel and win data collection.",2020-02-26,_DEDSEC_,4,f9rmho,t3_f9rmho,14,0.75
How is dragon mart these days?,2020-02-27,plan_with_stan,3,f9vysz,t3_f9vysz,17,0.67
Thinking about using EBay in the UAE.,2020-02-26,iiDa7man,4,f9sbez,t3_f9sbez,7,0.83
Peugeot 207cc,2020-02-26,lunnnnnie,5,f9rfhc,t3_f9rfhc,10,0.86
